<manifest><control namespace="MscrmControls.EmailEngagement" constructor="EmailEngagementActionsControl" version="1.0.7048" display-name-key="CC_Email_Engagement_Control" control-type="virtual"><modes><edit /><read /></modes><type-group name="date"><type>DateAndTime.DateOnly</type><type>DateAndTime.DateAndTime</type></type-group><type-group name="lookups"><type>Lookup.Customer</type><type>Lookup.Owner</type><type>Lookup.PartyList</type><type>Lookup.Regarding</type><type>Lookup.Simple</type></type-group><property name="directioncode" display-name-key="CC_Email_directioncode" description-key="CC_Email_directioncode_Desc" of-type="TwoOptions" usage="bound" required="true" hidden="false" /><property name="toparams" display-name-key="CC_Mail_To_Param" description-key="CC_Mail_To_Param_Desc" of-type-group="lookups" usage="bound" required="true" hidden="false" /><property name="ccparams" display-name-key="CC_Mail_CC_Param" description-key="CC_Mail_CC_Param_Desc" of-type-group="lookups" usage="bound" required="true" hidden="false" /><property name="isemailfollowed" display-name-key="CC_Mail_isEmailFollowed" description-key="CC_Mail_isEmailFollowed_Desc" of-type="TwoOptions" usage="bound" required="true" hidden="false" /><property name="followemailuserpreference" display-name-key="CC_Mail_followemailuserpreference" description-key="CC_Mail_followemailuserpreference_Desc" of-type="TwoOptions" usage="bound" required="true" hidden="false" /><property name="delayedemailsendtime" display-name-key="CC_Mail_delayedemailsendtime" description-key="CC_Mail_delayedemailsendtime_Desc" of-type-group="date" usage="bound" required="true" hidden="false" /><property name="emailreminderexpirytime" display-name-key="CC_Mail_emailreminderexpirytime" description-key="CC_Mail_emailreminderexpirytime_Desc" of-type-group="date" usage="bound" required="true" hidden="false" /><property name="statuscode" display-name-key="CC_Mail_statuscode" description-key="CC_Mail_statuscode_Desc" of-type="OptionSet" usage="bound" required="true" hidden="false" /><property name="emailreminderstatus" display-name-key="CC_Mail_emailreminderstatus" description-key="CC_Mail_emailreminderstatus_Desc" of-type="OptionSet" usage="bound" required="true" hidden="false" /><property name="emailremindertype" display-name-key="CC_Mail_emailremindertype" description-key="CC_Mail_emailremindertype_Desc" of-type="OptionSet" usage="bound" required="true" hidden="false" /><property name="emailremindertext" display-name-key="CC_Mail_emailremindertext" description-key="CC_Mail_emailremindertext_Desc" of-type="SingleLine.Text" usage="bound" required="true" hidden="false" /><resources><library name="mscommon" version="&gt;=1" order="1"><packaged_library path="libs/mscommonlib-1.0.0.js" version="1.0.0" /></library><code path="EmailEngagementControl.js" order="2" /><resx path="strings/EmailEngagementControl.1033.resx" version="1.0.0" /></resources></control></manifest>