<manifest><control namespace="MscrmControls.EmailContactPreferences" constructor="Preferences" version="1.0.7048" display-name-key="CC_ContactPrefs_Name" control-type="virtual"><modes><read /></modes><property name="id_preferences" display-name-key="CC_prefs" description-key="CC_Prefs_Desc" of-type="SingleLine.Text" usage="bound" required="true" hidden="false" /><property name="id_tableHeaderLeft" display-name-key="CC_thLeft" description-key="CC_thLeft_Desc" of-type="SingleLine.Text" usage="bound" required="true" hidden="false" /><resources><library name="mscommon" version="&gt;=1" order="1"><packaged_library path="libs/mscommonlib-1.0.0.js" version="1.0.0" /></library><code path="EmailContactPreferences.js" order="2" /><resx path="strings/EmailContactPreferences.1033.resx" version="1.0.0" /></resources></control></manifest>