<manifest><control namespace="MscrmControls.YammerIntegration" constructor="YammerIntegrationControl" version="1.0.0" display-name-key="CC_YammerIntegration_Name" control-type="virtual"><modes></modes><property name="feedType" display-name-key="Yammer_feedType" description-key="Yammer_feedType_desc" of-type="SingleLine.Text" usage="input" required="true" hidden="false" /><property name="yammerNetwork" display-name-key="Yammer_Network" description-key="Yammer_Network_desc" of-type="SingleLine.Text" usage="input" required="true" hidden="false" /><property name="yammerGroupId" display-name-key="Yammer_GroupId" description-key="Yammer_GroupId_desc" of-type="SingleLine.Text" usage="input" required="true" hidden="false" /><property name="yammerUserId" display-name-key="Yammer_yammerUserId" description-key="Yammer_yammerUserId_desc" of-type="SingleLine.Text" usage="input" required="true" hidden="false" /><property name="yammerEmailAddress" display-name-key="Yammer_yammerEmailAddress" description-key="Yammer_yammerEmailAddress_desc" of-type="SingleLine.Text" usage="input" required="true" hidden="false" /><property name="postFollowed" display-name-key="Yammer_postFollowed" description-key="Yammer_postFollowed_desc" of-type="SingleLine.Text" usage="input" required="true" hidden="false" /><property name="yammerPostState" display-name-key="Yammer_yammerPostState" description-key="Yammer_yammerPostState_desc" of-type="SingleLine.Text" usage="input" required="true" hidden="false" /><property name="domainName" display-name-key="Yammer_domainName" description-key="Yammer_domainName_desc" of-type="SingleLine.Text" usage="input" required="true" hidden="false" /><property name="errorCode" display-name-key="Yammer_errorCode" description-key="Yammer_errorCode_desc" of-type="SingleLine.Text" usage="input" required="true" hidden="false" /><property name="entityId" display-name-key="Yammer_entityId" description-key="Yammer_entityId_desc" of-type="SingleLine.Text" usage="input" required="true" hidden="false" /><property name="entityType" display-name-key="Yammer_entityType" description-key="Yammer_entityType_desc" of-type="SingleLine.Text" usage="input" required="true" hidden="false" /><property name="entityName" display-name-key="Yammer_entityName" description-key="Yammer_entityName_desc" of-type="SingleLine.Text" usage="input" required="true" hidden="false" /><property name="yammerPostMethod" display-name-key="Yammer_yammerPostMethod" description-key="Yammer_yammerPostMethod_desc" of-type="SingleLine.Text" usage="input" required="true" hidden="false" /><resources><code path="YammerIntegrationControl.js" order="2" /></resources></control></manifest>