<manifest><control namespace="MscrmControls.AppCommon.CustomerServiceSchedule" constructor="CalendarShareControl" version="1.0.0" display-name-key="CC_WeeklyScheduleControl_Name" control-type="virtual"><modes></modes><type-group name="Text"><type>SingleLine.Text</type></type-group><property name="calendarShareControlInput" display-name-key="CC_WeeklyScheduleControlInput" description-key="Input data of calendar share entities required by control" of-type-group="Text" usage="bound" required="true" hidden="true" /><resources><code path="CalendarShareControl.js" order="5" /><css path="css/CalendarShare.css" order="6" /><resx path="locale/CalendarShare.1033.resx" version="1.0.0" /></resources></control></manifest>