<manifest><control namespace="MscrmControls.AppCommon.CustomerServiceSchedule" constructor="HolidayListControl" version="1.0.0" display-name-key="CC_HolidayList_Name" control-type="virtual"><modes></modes><type-group name="Text"><type>SingleLine.Text</type></type-group><property name="holidayListControlInput" display-name-key="CC_HolidayList" description-key="Input data of holiday list control" of-type-group="Text" usage="bound" required="true" hidden="true" /><resources><code path="HolidayListControl.js" order="5" /><resx path="locale/HolidayListControl.1033.resx" version="1.0.0" /></resources></control></manifest>