<manifest><control namespace="MscrmControls.MailApp" constructor="MailAppTrackBarControl" version="1.3.0" display-name-key="CC_MailAppTrackBarControl_Name" control-type="virtual"><modes></modes><property name="regardingObject" display-name-key="CC_MailApp_RegardingObject_value" description-key="CC_MailApp_RegardingObject_desc" of-type="SingleLine.Text" usage="output" required="false" hidden="true" /><resources><library name="mailappcontrols" version="&gt;=1" order="1"><packaged_library path="libs/mailappcontrols.js" version="1.3.0" /></library><resx path="strings/MailAppTrackBarControl.1033.resx" version="1.1.0" /></resources></control></manifest>