<manifest><control namespace="MscrmControls.BusinessClosureListControl" constructor="BusinessClosureListControl" display-name-key="CC_BusinessClosureList_Name" version="1.0.10" control-type="virtual"><modes /><data-set name="Grid" display-name-key="CC_BusinessClosureList"></data-set><resources><library name="mscommonlib" version="&gt;=1" order="1"><packaged_library path="libs/mscommonlib-1.0.0.js" version="1.2.1" /></library><library name="jquery" version="&gt;=2" order="2"><packaged_library path="libs/jquery-2.1.1.js" version="2.1.1" /></library><code path="BusinessClosureListControl.js" order="1" /><resx path="strings/BusinessClosureListControl.1033.resx" version="1.0.0" /></resources></control></manifest>