<manifest><control namespace="MscrmControls.MailApp" constructor="FollowRestrictedRecipientsControl" version="1.1.0" display-name-key="CC_FollowRestrictedRecipientsControl_Name" control-type="virtual" hidden="true"><modes></modes><property name="Records" display-name-key="CC_Records" description-key="CC_Records_desc" usage="bound" of-type="SingleLine.Text" required="true" hidden="true" /><resources><library name="mailappcontrols" version="&gt;=1" order="1"><packaged_library path="libs/mailappcontrols.js" version="1.1.0" /></library><resx path="strings/FollowRestrictedRecipientsControl.1033.resx" version="1.1.0" /></resources></control></manifest>