<manifest><control namespace="MscrmControls.MailApp" constructor="MailAppRecipientsTabControl" version="1.3.0" display-name-key="CC_MailApp_Recipients_Tab_Control" control-type="virtual"><modes></modes><property name="selectedCrmRecord" display-name-key="CC_MailApp_Selected_value" description-key="CC_MailApp_Selected_desc" of-type="SingleLine.Text" usage="output" required="false" hidden="true" /><property name="selectedUnresolvedRecord" display-name-key="CC_MailApp_Selected_value" description-key="CC_MailApp_Selected_desc" of-type="SingleLine.Text" usage="output" required="false" hidden="true" /><resources><library name="mailappcontrols" version="&gt;=1" order="1"><packaged_library path="libs/mailappcontrols.js" version="1.3.0" /></library><resx path="strings/MailAppRecipientsTabControl.1033.resx" version="1.1.0" /></resources></control></manifest>