<manifest><control namespace="MscrmControls.AppCommon.DualListWrapper" constructor="DualListWrapperControl" version="1.0.0" display-name-key="CC_DualListWrapper" control-type="virtual"><modes></modes><property name="Selection" display-name-key="cc_availableValues_id" description-key="CC_DualListSelection_Selection_Desc" usage="bound" of-type="SingleLine.Text" required="true" hidden="false" /><resources><code path="DualListWrapper.js" order="1" /><library name="FREShell" version="&gt;=1" order="1"><packaged_library path="libs/FREShell.js" version="1.0.0" /></library></resources></control></manifest>