<manifest><control namespace="MscrmControls.AppCommon.SetWorkHour" constructor="SetWorkHourControl" version="1.0.0" display-name-key="CC_SetWorkHourControl" control-type="virtual"><modes></modes><type-group name="Text"><type>SingleLine.Text</type></type-group><property name="setWorkHourControlInput" display-name-key="CC_SetWorkHourControlInput" description-key="Input data of calendarid/innercalendar entities required by control" of-type-group="Text" usage="bound" required="true" hidden="true" /><property name="setWorkHourControlOutput" display-name-key="CC_SetWorkHourControlOutput" description-key="Output data of SetWorkHourControl" of-type-group="Text" usage="bound" required="true" hidden="true" /><resources><code path="SetWorkHourControl.js" order="1" /><resx path="locale/SetWorkHourControl.1033.resx" version="1.0.0" /></resources></control></manifest>