<manifest><control namespace="MscrmControls.AppCommon.SvcConfigSettings" constructor="SvcConfigSettingsControl" version="1.0.0" display-name-key="CC_SvcConfigSettingsControl" control-type="virtual"><modes></modes><resources><library name="FREShell" version="&gt;=1" order="1"><packaged_library path="libs/FREShell.js" version="1.0.0" /></library><code path="SvcConfigSettingsControl.js" order="2" /><css path="css/SvcConfigSettingsStyle.css" order="3" /><resx path="locale/SvcConfigSettingsControl.1033.resx" version="1.0.0" /></resources></control></manifest>