<manifest><control namespace="MscrmControls.RequirementGroupControl" constructor="RequirementGroupControl" version="1.0.0" display-name-key="CC_RequirementGroupControl"><modes /><data-set name="RequirementGroupControl" display-name-key="CC_RequirementGroupControl" /><resources><library name="mscommonlib" version="&gt;=1" order="1"><packaged_library path="libs/mscommonlib-1.0.0.js" version="1.2.1" /></library><library name="jquery" version="&gt;=2" order="2"><packaged_library path="libs/jquery-2.1.1.js" version="2.1.1" /></library><code path="RequirementGroupControl.js" order="5" /></resources></control></manifest>