<manifest><control namespace="MscrmControls.MailApp" constructor="MailAppHiddenDataCustomControl" version="1.1.0" display-name-key="CC_MailApp_Hidden_Data_Custom_Control" control-type="virtual" hidden="true"><modes></modes><property name="followedEmailCrmId" display-name-key="CC_MailApp_FollowedEmailCrmId_value" description-key="CC_MailApp_FollowedEmailCrmId_desc" of-type="SingleLine.Text" usage="output" required="false" hidden="true" /><resources><library name="mailappcontrols" version="&gt;=1" order="1"><packaged_library path="libs/mailappcontrols.js" version="1.1.0" /></library><resx path="strings/MailAppHiddenDataCustomControl.1033.resx" version="1.1.0" /></resources></control></manifest>