<manifest><control namespace="MscrmControls.CaseSettings" constructor="CaseSettingsControl" version="1.0.0" display-name-key="CC_CaseSettingsControl" control-type="virtual"><modes></modes><resources><library name="FREShell" version="&gt;=1" order="1"><packaged_library path="libs/FREShell.js" version="1.0.0" /></library><code path="CaseSettingsControl.js" order="2" /><css path="css/CaseSettingsStyle.css" order="3" /><resx path="locale/CaseSettingsControl.1033.resx" version="1.0.0" /></resources></control></manifest>