<manifest><control namespace="MscrmControls.MailApp" constructor="UnknownRecipientSummaryControl" version="1.2.0" display-name-key="CC_MailApp_Recipient_Create_Form_Control" control-type="virtual"><modes></modes><property name="data" display-name-key="CC_MailApp_UnknownSummary_Data" description-key="CC_MailApp_UnknownSummary_Data_desc" of-type="SingleLine.Text" usage="input" required="false" hidden="true" /><property name="entityTypesToAdd" display-name-key="CC_MailApp_EntityTypesToAdd_Value" description-key="CC_MailApp_EntityTypesToAdd_Desc" of-type="SingleLine.Text" usage="input" required="true" hidden="true" /><resources><library name="mailappcontrols" version="&gt;=1" order="1"><packaged_library path="libs/mailappcontrols.js" version="1.2.0" /></library><resx path="strings/UnknownRecipientSummaryControl.1033.resx" version="1.1.0" /></resources></control></manifest>