<manifest><control namespace="MscrmControls.WebResource" constructor="WebResourceWrapperControl" version="1.0.0" display-name-key="CC_Name_WebResourceWrapperControl" control-type="virtual"><modes><read /></modes><property name="PbiUrl" display-name-key="CC_PbiUrl" description-key="CC_PbiUrl_desc" usage="input" of-type="SingleLine.Text" required="true" hidden="false" /><resources><library name="mscommon" version="&gt;=1" order="1"><packaged_library path="libs/mscommonlib-1.0.0.js" version="1.0.0" /></library><code path="WebResourceWrapperControl.js" order="3" /><resx path="strings/WebResourceWrapperControl.1033.resx" version="1.0.0" /></resources></control></manifest>