<manifest><control namespace="MscrmControls.StatusLabel" constructor="StatusLabelControl" version="1.1.0" display-name-key="CC_StatusLabelControl_Name" control-type="virtual" hidden="true"><property name="StatusIcon" display-name-key="CC_StatusIcon" description-key="CC_StatusIcon_desc" usage="bound" of-type="SingleLine.Text" required="false" hidden="true" /><resources><library name="mailappcontrols" version="&gt;=1" order="1"><packaged_library path="libs/mailappcontrols.js" version="1.1.0" /></library></resources></control></manifest>