<manifest><control namespace="MscrmControls.Metadata" constructor="MetadataControl" version="1.0.0" display-name-key="CC_Name_MetadataControl" control-type="virtual"><modes><read /><edit /></modes><type-group name="text"><type>SingleLine.Text</type><type>Multiple</type></type-group><type-group name="actionParam"><type>SingleLine.Text</type><type>Lookup.Simple</type><type>Multiple</type><type>OptionSet</type></type-group><property name="value" display-name-key="CC_MetadataControlValue" description-key="CC_MetadataControlValue_desc" of-type-group="text" usage="bound" required="true" hidden="true" /><property name="ActionName" display-name-key="CC_ActionName" description-key="CC_ActionName_desc" usage="input" of-type="SingleLine.Text" required="false" hidden="false" /><property name="ActionParamName" display-name-key="CC_ActionParamName" description-key="CC_ActionParamName_desc" usage="input" of-type="SingleLine.Text" required="false" hidden="false" /><property name="ActionParam" display-name-key="CC_ActionParam" description-key="CC_ActionParam_desc" usage="input" of-type-group="actionParam" required="false" hidden="false" /><resources><library name="mscommon" version="&gt;=1" order="1"><packaged_library path="libs/mscommonlib-1.0.0.js" version="1.0.0" /></library><library name="moment" version="&gt;=1" order="2"><packaged_library path="libs/moment-2.19.3.js" version="2.19.3" /></library><code path="MetadataControl.js" order="3" /><resx path="strings/MetadataControl.1033.resx" version="1.0.0" /></resources></control></manifest>