<manifest><control namespace="MscrmControls.OfficeProductivity" constructor="ImageControl" version="1.0.1" display-name-key="CC_ImageControl_Name" control-type="virtual"><modes></modes><property name="imgSrc" display-name-key="ImageControlSrc" description-key="ImageControlSrc_desc" of-type="SingleLine.Text" usage="bound" required="true" hidden="true" /><property name="imgAltText" display-name-key="ImageControlAltText" description-key="ImageControlAltText_desc" of-type="SingleLine.Text" usage="bound" required="true" hidden="true" /><resources><code path="ImageControl.js" order="2" /><resx path="strings/ImageControl.1033.resx" version="1.0.1" /></resources></control></manifest>