<manifest><control namespace="MscrmControls.DynamicListSubgrid" constructor="DynamicListSubgridControl" version="1.0.1" display-name-key="CC_Marketing_DynamicListSubgrid"><modes><read /><edit /></modes><type-group name="strings"><type>SingleLine.Text</type><type>SingleLine.TextArea</type><type>Multiple</type></type-group><type-group name="numbers"><type>Whole.None</type><type>Currency</type><type>FP</type><type>Decimal</type></type-group><property name="fetchXml" display-name-key="Fetch XML" description-key="Fetch XML" of-type-group="strings" usage="bound" required="true" hidden="true" /><property name="memberType" display-name-key="Member Type" description-key="Member Type" of-type-group="numbers" usage="bound" required="true" hidden="true" /><resources><code path="DynamicListSubgrid.js" order="1" /></resources></control></manifest>