<ImportExportXml xmlns:xsi="http://www.w3.org/2001/XMLSchema-instance">
  <Entities></Entities>
  <Roles></Roles>
  <Workflows></Workflows>
  <FieldSecurityProfiles></FieldSecurityProfiles>
  <Templates />
  <EntityMaps />
  <EntityRelationships />
  <OrganizationSettings />
  <optionsets />
  <CustomControls />
  <SolutionPluginAssemblies>
    <PluginAssembly FullName="ContactPreUpdate, Version=1.0.0.0, Culture=neutral, PublicKeyToken=04a422c3930fc710" PluginAssemblyId="a414b231-ea2c-41ec-a066-f53653baa6af" CustomizationLevel="1">
      <IsolationMode>2</IsolationMode>
      <SourceType>0</SourceType>
      <IntroducedVersion>1.0</IntroducedVersion>
      <FileName>/PluginAssemblies/ContactPreUpdate-A414B231-EA2C-41EC-A066-F53653BAA6AF/ContactPreUpdate.dll</FileName>
      <PluginTypes>
        <PluginType AssemblyQualifiedName="ContactPreUpdate.ContactpreUpdate, ContactPreUpdate, Version=1.0.0.0, Culture=neutral, PublicKeyToken=04a422c3930fc710" PluginTypeId="b606c350-bb5e-4381-94bb-70a36e1ee554" Name="ContactPreUpdate.ContactpreUpdate">
          <FriendlyName>d595231f-33b6-4545-8be0-21e6a3555137</FriendlyName>
        </PluginType>
      </PluginTypes>
    </PluginAssembly>
  </SolutionPluginAssemblies>
  <EntityDataProviders />
  <Languages>
    <Language>1033</Language>
  </Languages>
</ImportExportXml>