<manifest><control namespace="MscrmControls.EditProperties" constructor="EditPropertiesControl" version="1.0.11" display-name-key="EditPropertiesControl" control-type="virtual" hidden="true"><modes><read /><edit /></modes><type-group name="text"><type>SingleLine.Text</type></type-group><property name="Value1" display-name-key="CC_Value1" description-key="CC_value_1_desc" usage="bound" of-type-group="text" required="true" hidden="false" /><property name="ProductId" display-name-key="CC_ProductId" description-key="CC_productid_desc" usage="bound" of-type-group="text" required="true" hidden="false" /><property name="ProductName" display-name-key="CC_ProductName" description-key="CC_productname_dec" usage="bound" of-type-group="text" required="true" hidden="false" /><property name="EntityName" display-name-key="CC_EntityName" description-key="CC_entityname_desc" usage="bound" of-type-group="text" required="true" hidden="false" /><property name="GridEntityName" display-name-key="CC_EntityName" description-key="CC_gridentityname_desc" usage="bound" of-type-group="text" required="true" hidden="false" /><AvailableOn><phone /><tablet /></AvailableOn><resources><code path="EditPropertiesControl.js" order="1" /><css path="css/EditPropertiesControlStyles.css" order="10" /><resx path="strings/EditPropertiesControl.1033.resx" version="1.0.0" /><library name="ClientUtility" version="&gt;=1" order="2"><packaged_library path="ClientUtility.js" version="1.0.0" /></library><library name="TelemetryLibrary" version="&gt;=1" order="3"><packaged_library path="TelemetryLibrary.js" version="1.0.0" /></library><library name="FeatureTelemetry" version="&gt;=1" order="4"><packaged_library path="FeatureTelemetry.js" version="1.0.0" /></library></resources></control></manifest>