<manifest><control namespace="MscrmControls.AppCommon.GenericTree" constructor="GenericTreeControl" version="1.0.3" display-name-key="CC_Generic_Tree" control-type="virtual"><modes></modes><type-group name="lookups"><type>Lookup.Simple</type></type-group><property name="value" display-name-key="CC_SubjectTree" description-key="CC_SubjectTree_Desc" of-type-group="lookups" usage="bound" required="true" hidden="false" /><property name="treeData" display-name-key="CC_treeData" description-key="CC_treeData_Desc" of-type-group="text" usage="input" required="true" hidden="false" /><resources><code path="GenericTreeControl.js" order="1" /><css path="css/treeControlStyle.css" order="2" /></resources></control></manifest>