<manifest><control namespace="MscrmControls.AppCommon.DocTemplateDownload" constructor="DocTemplateDownloadControl" version="1.0.2" display-name-key="CC_AppCommon_DocTemplateDownloadControl" control-type="virtual"><modes></modes><property name="dialogtype" display-name-key="DocTemplateDownloadControl_dialogtype" description-key="DocTemplateDownloadControl_dialogtype_desc" usage="input" of-type="Whole.None" required="true" hidden="false" /><property name="file_data" display-name-key="DocTemplateDownloadControl_filedata" description-key="DocTemplateDownloadControl_filedata_desc" usage="bound" of-type="SingleLine.Text" required="true" hidden="false" /><property name="entityname" display-name-key="DocTemplateDownloadControl_entity_name" description-key="DocTemplateDownloadControl_entity_name_desc" usage="bound" of-type="SingleLine.Text" required="true" hidden="false" /><property name="viewid" display-name-key="DocTemplateDownloadControl_view_id" description-key="DocTemplateDownloadControl_view_id_desc" usage="bound" of-type="SingleLine.Text" required="true" hidden="false" /><resources><library name="mscommon" version="&gt;=1" order="1"><packaged_library path="libs/mscommonlib-1.0.0.js" version="1.0.0" /></library><code path="DocTemplateDownloadControl.js" order="2" /><resx path="locale/DocTemplateDownloadControl.1033.resx" version="1.0.2" /></resources></control></manifest>