<manifest><control namespace="MscrmControls.AppCommon.ExportToExcel" constructor="ExportToExcelControl" version="1.0.2" display-name-key="CC_AppCommon_ExportToExcelControl" control-type="virtual" hidden="true"><modes></modes><property name="typecode" display-name-key="ExportToExcel_typeCode" description-key="ExportToExcel_typeCode_desc" usage="input" of-type="Whole.None" required="true" hidden="true" /><property name="fetchxml" display-name-key="ExportToExcel_fetchXml" description-key="ExportToExcel_fetchXml_desc" usage="bound" of-type="SingleLine.Text" required="true" hidden="true" /><property name="layoutxml" display-name-key="ExportToExcel_layoutxml" description-key="ExportToExcel_layoutxml_desc" usage="bound" of-type="SingleLine.Text" required="true" hidden="true" /><property name="exporttype" display-name-key="ExportToExcel_exportType" description-key="ExportToExcel_exportType_desc" usage="input" of-type="Whole.None" required="true" hidden="true" /><resources><library name="FRECommon" version="&gt;=1" order="2"><packaged_library path="libs/frecommon-lib.js" version="1.0.0" /></library><code path="ExportToExcelControl.js" order="2" /><resx path="locale/ExportToExcelControl.1033.resx" version="1.0.0" /></resources></control></manifest>