<manifest><control namespace="MscrmControls.SocialInsightsControl" constructor="SocialInsightsControl" display-name-key="SocialInsightsControl" description-key="SocialInsightsControl" version="1.0.4"><resources><library name="jquery" version="&gt;=2" order="1"><packaged_library path="libs/jquery-2.1.1.js" version="2.1.1" /></library><library name="mscommon" version="&gt;=1" order="2"><packaged_library path="libs/mscommonlib-1.0.0.js" version="1.0.0" /></library><code path="SocialInsightsControl.js" order="5" /><css path="css/SocialInsightsControl.css" order="6" /><resx path="locale/SocialInsightsControl.1033.resx" version="1.0.0" /></resources></control></manifest>