<manifest><control namespace="LinkedInExtensionControls.OrgChart" constructor="OrgChartControl" version="1.0.5" display-name-key="CC_OrgChartControl" control-type="virtual"><modes></modes><property name="AccountId" display-name-key="CC_OrgChartControl_AccountId" description-key="CC_OrgChartControl_AccountId_Desc" usage="input" of-type="SingleLine.Text" required="true" hidden="false" /><property name="AccountName" display-name-key="CC_OrgChartControl_AccountName" description-key="CC_OrgChartControl_AccountName_Desc" usage="input" of-type="SingleLine.Text" required="true" hidden="false" /><property name="ReferencingAttribute" display-name-key="CC_OrgChartControl_ReferencingAttribute" description-key="CC_OrgChartControl_ReferencingAttribute_Desc" usage="input" of-type="SingleLine.Text" required="true" hidden="false" /><resources><library name="ClientUtility" version="&gt;=1" order="1"><packaged_library path="ClientUtility.js" version="1.0.0" /></library><code path="OrgChartControl.js" order="2" /><resx path="locale/OrgChart.1033.resx" version="1.0.1" /></resources></control></manifest>