<manifest><control namespace="MscrmControls.MailApp" constructor="MailAppListControl" version="1.1.0" display-name-key="CC_MailAppListControl" control-type="virtual"><modes><read /></modes><data-set name="Grid" display-name-key="CC_Grid_DSGrid"></data-set><property name="ListItemCommands" display-name-key="CC_MailApp_MailAppListItemCommands" description-key="CC_MailApp_MailAppListItemCommands_Desc" usage="input" of-type="SingleLine.Text" required="false" hidden="true" /><resources><library name="mailappcontrols" version="&gt;=1" order="1"><packaged_library path="libs/mailappcontrols.js" version="1.1.0" /></library><resx path="strings/MailAppListControl.1033.resx" version="1.1.0" /></resources></control></manifest>