<manifest><control namespace="MscrmControls.NotesAnalysisContainer" constructor="NotesAnalysisControl" version="1.0.7097" display-name-key="CC_NotesAnalysis_Container_Control_Name" control-type="virtual"><modes></modes><property name="TLInputText" display-name-key="CC_NA_TLInputText" description-key="CC_NA_TLInputText_desc" usage="input" of-type="SingleLine.Text" required="true" hidden="false" /><resources><library name="mscommon" version="&gt;=1" order="1"><packaged_library path="libs/mscommonlib-1.0.0.js" version="1.0.0" /></library><library name="lscache" version="&gt;=1" order="2"><packaged_library path="libs/lscache.min.js" version="1.0.0" /></library><library name="js-sha256" version="&gt;=1" order="3"><packaged_library path="libs/sha256.min.js" version="1.0.0" /></library><code path="NotesAnalysisControl.js" order="4" /><resx path="strings/NAStrings.resx" version="1.0.0" /></resources></control></manifest>