<manifest><control namespace="LinkedInExtensionControls.LinkedInLeadDialog" constructor="LinkedInLeadDialogControl" version="1.0.0" display-name-key="CC_LinkedInLeadDialogControl" control-type="virtual"><modes></modes><property name="Inputs" display-name-key="CC_LinkedInLeadDialogControl_Inputs" description-key="CC_LinkedInLeadDialogControl_Inputs_Desc" usage="input" of-type="SingleLine.Text" required="false" hidden="true" /><resources><code path="LinkedInLeadDialogControl.js" order="1" /></resources></control></manifest>