<manifest><control namespace="LinkedInExtensionControls.JQueryHierarchy" constructor="JQueryHierarchyControl" version="1.0.4" display-name-key="CC_JQueryHierarchyControl"><modes></modes><property name="JsonData" display-name-key="CC_JQueryHierarchyControl_JsonData" description-key="CC_JQueryHierarchyControl_JsonData_Desc" usage="input" of-type="SingleLine.Text" required="true" hidden="false" /><property name="NodeTemplateFn" display-name-key="CC_JQueryHierarchyControl_NodeTemplateFn" description-key="CC_JQueryHierarchyControl_NodeTemplateFn_Desc" usage="input" of-type="SingleLine.Text" required="true" hidden="false" /><property name="AllowZoom" display-name-key="CC_JQueryHierarchyControl_AllowZoom" description-key="CC_JQueryHierarchyControl_AllowZoom" usage="input" of-type="SingleLine.Text" required="false" hidden="false" /><property name="AllowDragDrop" display-name-key="CC_JQueryHierarchyControl_AllowDragDrop" description-key="CC_JQueryHierarchyControl_AllowDragDrop_Desc" usage="input" of-type="SingleLine.Text" required="false" hidden="false" /><property name="AllowPan" display-name-key="CC_JQueryHierarchyControl_AllowPan" description-key="CC_JQueryHierarchyControl_AllowPan_Desc" usage="input" of-type="SingleLine.Text" required="false" hidden="false" /><property name="LoadChildrenFromJsonData" display-name-key="CC_JQueryHierarchyControl_LoadChildrenFromJsonData" description-key="CC_JQueryHierarchyControl_LoadChildrenFromJsonData_Desc" usage="input" of-type="SingleLine.Text" required="false" hidden="false" /><property name="ControlOutput" display-name-key="CC_JQueryHierarchyControl_ControlOutput" description-key="CC_JQueryHierarchyControl_ControlOutput_Desc" usage="bound" of-type="SingleLine.Text" required="true" hidden="false" /><property name="PrimaryField" display-name-key="CC_JQueryHierarchyControl_PrimaryField" description-key="CC_JQueryHierarchyControl_PrimaryField_Desc" usage="input" of-type="SingleLine.Text" required="false" hidden="false" /><resources><library name="jspdf.min" version="&gt;=1" order="2"><packaged_library path="libs/jspdf.min.js" version="1.0.0" /></library><library name="jqueryOrgchart" version="&gt;=1" order="3"><packaged_library path="libs/jqueryOrgchart.js" version="1.0.4" /></library><code path="JQueryHierarchyControl.js" order="4" /><css path="css/jqueryOrgchart.css" order="6" /><resx path="Localization/JQueryHierarchy.1033.resx" version="1.0.2" /></resources></control></manifest>