<manifest><control namespace="MscrmControls.ReconciliationControls" constructor="ReconciliationControl" version="1.0.10" display-name-key="CC_ReconciliationControl"><modes /><data-set name="Reconciliation" display-name-key="CC_Reconciliation" /><resources><resx path="strings/ReconciliationControl.1033.resx" version="1.0.0" /><library name="mscommonlib" version="&gt;=1" order="1"><packaged_library path="libs/mscommonlib-1.0.0.js" version="1.2.1" /></library><library name="jquery" version="&gt;=2" order="2"><packaged_library path="libs/jquery-2.1.1.js" version="2.1.1" /></library><code path="ReconciliationControl.js" order="5" /></resources></control></manifest>