<manifest><control namespace="MscrmControls.OfficeProductivity" constructor="LinkControl" version="1.0.1" display-name-key="CC_LinkControl_Name" control-type="virtual"><modes></modes><property name="linkValue" display-name-key="LinkControlValue" description-key="LinkControlValue_desc" of-type="SingleLine.Text" usage="bound" required="true" hidden="true" /><property name="linkText" display-name-key="LinkControlText" description-key="LinkControlText_desc" of-type="SingleLine.Text" usage="bound" required="true" hidden="true" /><property name="linkAltText" display-name-key="LinkControlAltText" description-key="LinkControlAltText_desc" of-type="SingleLine.Text" usage="bound" required="true" hidden="true" /><resources><code path="LinkControl.js" order="2" /><resx path="strings/LinkControl.1033.resx" version="1.0.1" /></resources></control></manifest>