<manifest><control namespace="MscrmControls.SelectEmailTemplate" constructor="SelectEmailTemplateButton" version="1.0.0" display-name-key="CC_SelectEmailTemplateButton_Name"><modes /><property name="activityType" display-name-key="CC_SelectEmailTemplateButton_activityType" of-type="SingleLine.Text" usage="bound" required="true" hidden="true"><doc description-key="CC_SelectEmailTemplateButton_activityType_Desc" /></property><property name="selectedTemplateId" display-name-key="CC_SelectEmailTemplateButton_SelectedTemplateId" of-type="Guid" usage="bound" required="true" hidden="true"><doc description-key="CC_SelectEmailTemplateButton_selectedTemplateId_Desc" /></property><resources><code path="SelectEmailTemplateButton.js" order="1" /><resx path="strings/SelectEmailTemplateButton.resx" version="1.0.0" /></resources></control></manifest>