<manifest><control namespace="MscrmControls.EstimatesGridControls" constructor="EstimatesGridControl" version="1.0.10" display-name-key="CC_EstimatesGridControl"><modes /><data-set name="EstimatesGrid" display-name-key="CC_EstimatesGrid" /><property name="viewType" display-name-key="CC_ViewType" description-key="CC_ViewType_desc" of-type="Enum" required="true" usage="input"><value name="AssignmentView" display-name-key="CC_EstimatesGridControl_AssignmentView" description-key="CC_EstimatesGridControl_AssignmentView_Desc" default="true">0</value><value name="ExpenseView" display-name-key="CC_EstimatesGridControl_ExpenseView" description-key="CC_EstimatesGridControl_ExpenseView_Desc">1</value><value name="FinancialView" display-name-key="CC_EstimatesGridControl_FinancialView" description-key="CC_EstimatesGridControl_FinancialView_Desc">2</value></property><resources><resx path="strings/EstimatesGridControl.1033.resx" version="1.0.0" /><library name="mscommonlib" version="&gt;=1" order="1"><packaged_library path="libs/mscommonlib-1.0.0.js" version="1.2.1" /></library><library name="jquery" version="&gt;=2" order="2"><packaged_library path="libs/jquery-2.1.1.js" version="2.1.1" /></library><code path="EstimatesGridControl.js" order="5" /></resources></control></manifest>