<manifest><control namespace="MscrmControls.UnboundHyperlinkControl" constructor="UnboundHyperlinkControl" version="1.1.0" display-name-key="CC_Unbound_Hyperlink_Control" control-type="virtual" hidden="true"><property name="LinkUrl" display-name-key="CC_linkUrl" description-key="CC_linkUrl_dec" usage="bound" of-type="SingleLine.Text" required="true" hidden="true" /><resources><library name="mailappcontrols" version="&gt;=1" order="1"><packaged_library path="libs/mailappcontrols.js" version="1.1.0" /></library></resources></control></manifest>