<manifest><control namespace="MscrmControls.AppCommon.SubjectTreeConfig" constructor="SubjectTreeConfigControl" version="1.0.3" display-name-key="CC_SubjectTreeConfig_Name" control-type="virtual"><modes></modes><type-group name="Lookups"><type>Lookup.Simple</type></type-group><property name="selectedSubject" display-name-key="CC_selectedEntities" description-key="CC_selectedEntities_Desc" of-type-group="Lookups" usage="bound" required="true" hidden="true" /><resources><library name="mscommon" version="&gt;=1.2.0" order="1"><packaged_library path="libs/mscommonlib-1.0.0.js" version="1.2.0" /></library><library name="FRECommon" version="&gt;=1" order="2"><packaged_library path="libs/frecommon-lib.js" version="1.0.0" /></library><library name="FREShell" version="&gt;=1" order="3"><packaged_library path="libs/FREShell.js" version="1.0.0" /></library><code path="SubjectTreeConfigControl.js" order="4" /><css path="css/SubjectTreeConfigControl.css" order="5" /><resx path="Locale/SubjectTreeConfigControl.1033.resx" version="1.0.0" /></resources></control></manifest>