<manifest><control namespace="MscrmControls.AppCommon" constructor="PartyListWrapper" version="1.0.1" display-name-key="CC_PartyListWrapper" control-type="virtual" hidden="true"><modes></modes><type-group name="Text"><type>SingleLine.Text</type></type-group><type-group name="Lookups"><type>Lookup.PartyList</type><type>Lookup.Simple</type></type-group><property name="targetEntities" display-name-key="CC_targetEntities" description-key="CC_targetEntities_Desc" of-type-group="Text" usage="input" required="true" hidden="true" /><property name="selectedEntities" display-name-key="CC_selectedEntities" description-key="CC_selectedEntities_Desc" of-type-group="Lookups" usage="bound" required="true" hidden="true" /><property name="isDisabled" display-name-key="CC_isDisabled" description-key="CC_isDisabled_Desc" of-type-group="Text" usage="input" required="false" hidden="true" /><property name="extraFilters" display-name-key="CC_extraFilters" description-key="CC_extraFilters_Desc" of-type-group="Text" usage="input" required="false" hidden="true" /><property name="disableMru" display-name-key="CC_disableMru" description-key="CC_disableMru_Desc" of-type-group="Text" usage="input" required="false" hidden="true" /><resources><code path="PartyListWrapper.js" order="1" /></resources></control></manifest>