<manifest><control namespace="MscrmControls.AppCommon.CustomerServiceSchedule" constructor="WeeklyScheduleControl" version="1.0.0" display-name-key="CC_WeeklyScheduleControl_Name" control-type="virtual"><modes></modes><type-group name="Text"><type>SingleLine.Text</type></type-group><property name="weeklyScheduleControlInput" display-name-key="CC_WeeklyScheduleControlInput" description-key="Input data of calendar/calendarrule entities required by control" of-type-group="Text" usage="bound" required="true" hidden="true" /><property name="weeklyScheduleControlOutput" display-name-key="CC_WeeklyScheduleControlOutput" description-key="Output data of WeeklyScheduleControl" of-type-group="Text" usage="bound" required="true" hidden="true" /><property name="deleteWeeklyScheduleSuccessful" display-name-key="CC_DeleteWeeklyScheduleSuccessful" description-key="Delete WeeklySchedule" of-type-group="Text" usage="bound" required="true" hidden="true" /><resources><code path="WeeklyScheduleControl.js" order="5" /><resx path="locale/WeeklySchedule.1033.resx" version="1.0.0" /></resources></control></manifest>