<manifest><control namespace="MscrmControls.NotesAnalysisContainer" constructor="NotesAnalysisPopupControl" version="1.0.7097" display-name-key="CC_NotesAnalysis_Container_Control_Name" control-type="virtual"><modes></modes><property name="NAInsight" display-name-key="CC_NA_NAInsight" description-key="CC_NA_NAInsight_desc" usage="input" of-type="SingleLine.Text" required="true" hidden="false" /><resources><library name="mscommon" version="&gt;=1" order="1"><packaged_library path="libs/mscommonlib-1.0.0.js" version="1.0.0" /></library><code path="NotesAnalysisPopupControl.js" order="2" /><resx path="strings/NotesAnalysisPopup.1033.resx" version="1.0.0" /></resources></control></manifest>