<manifest><control namespace="MscrmControls.AppCommon.SubjectTreeWrapper" constructor="SubjectTreeWrapperControl" version="1.0.0" display-name-key="CC_SubjectTreeWrapper" control-type="virtual"><modes></modes><type-group name="Lookups"><type>Lookup.Simple</type></type-group><property name="selectedSubject" display-name-key="CC_selectedEntities" description-key="CC_selectedEntities_Desc" of-type-group="Lookups" usage="bound" required="true" hidden="true" /><resources><code path="SubjectTreeWrapper.js" order="1" /></resources></control></manifest>