<manifest><control namespace="MscrmControls.ProjectTaskControls" constructor="ProjectTaskControl" version="1.0.0" display-name-key="CC_ProjectTaskControl"><modes><read /><edit /></modes><AvailableOn><web /><phone /><tablet /></AvailableOn><data-set name="WBS" display-name-key="CC_ProjectTaskControl" editable="true" /><property name="trackingView" display-name-key="CC_TrackingView" description-key="CC_TrackingView_desc" of-type="Enum" required="true" usage="input"><value name="No" display-name-key="CC_ProjectTaskControl_NotTracking" description-key="CC_ProjectTaskControl_NotTracking_Desc" default="true">0</value><value name="Yes" display-name-key="CC_ProjectTaskControl_Tracking" description-key="CC_ProjectTaskControl_Tracking_Desc">1</value></property><resources><resx path="strings/ProjectTaskControl.1033.resx" version="1.0.0" /><library name="mscommonlib" version="&gt;=1" order="1"><packaged_library path="libs/mscommonlib-1.0.0.js" version="1.2.1" /></library><library name="jquery" version="&gt;=2" order="2"><packaged_library path="libs/jquery-2.1.1.js" version="2.1.1" /></library><code path="ProjectTaskControl.js" order="3" /></resources></control></manifest>