<manifest><control namespace="MscrmControls.Containers" constructor="QuickFormWrapper" version="1.2.0" display-name-key="CC_QuickFormWrapper_Name" control-type="virtual"><modes></modes><property name="data" display-name-key="CC_QuickFormWrapper_Data" description-key="CC_QuickFormWrapper_Data_desc" of-type="SingleLine.Text" usage="input" required="false" /><property name="formType" display-name-key="CC_QuickFormWrapper_FormType" description-key="CC_QuickFormWrapper_FormType_desc" of-type="SingleLine.Text" usage="input" required="true" hidden="true" /><property name="hideImage" display-name-key="CC_QuickFormWrapper_HideImage" description-key="CC_QuickFormWrapper_HideImage_desc" usage="input" of-type="Whole.None" required="false" hidden="false" /><property name="predefinedForms" display-name-key="CC_QuickFormWrapper_PredefinedForms" description-key="CC_QuickFormWrapper_PredefinedForms_desc" usage="input" of-type="SingleLine.Text" required="false" hidden="true" /><property name="label" display-name-key="CC_QuickFormWrapper_Label" description-key="CC_QuickFormWrapper_Label_desc" usage="input" of-type="SingleLine.Text" required="false" hidden="true" /><resources><library name="mailappcontrols" version="&gt;=1" order="1"><packaged_library path="libs/mailappcontrols.js" version="1.2.0" /></library><resx path="strings/QuickFormWrapper.1033.resx" version="1.1.0" /></resources></control></manifest>