<manifest><control namespace="MscrmControls.AppCommon.ExportToExcelOnline" constructor="ExportToExcelOnlineControl" version="1.0.3" display-name-key="CC_AppCommon_ExportToExcelOnline" hidden="true"><modes></modes><property name="view" display-name-key="ExportToExcelOnline_view" description-key="ExportToExcelOnline_view_desc" usage="input" of-type="SingleLine.Text" required="true" hidden="true" /><property name="fetchXml" display-name-key="ExportToExcelOnline_fetchXml" description-key="ExportToExcelOnline_fetchXml_desc" usage="input" of-type="SingleLine.Text" required="true" hidden="true" /><property name="layoutXml" display-name-key="ExportToExcelOnline_layoutXml" description-key="ExportToExcelOnline_layoutXml_desc" usage="input" of-type="SingleLine.Text" required="true" hidden="true" /><property name="entityTypeName" display-name-key="ExportToExcelOnline_entityTypeName" description-key="ExportToExcelOnline_entityTypeName_desc" usage="input" of-type="SingleLine.Text" required="true" hidden="true" /><property name="file_id" display-name-key="ExportToExcelOnline_fileid" description-key="ExportToExcelOnline_fileid_desc" usage="bound" of-type="SingleLine.Text" required="true" hidden="true" /><property name="entityIsImportable" display-name-key="ExportToExcelOnline_entityIsImportable" description-key="ExportToExcelOnline_entityIsImportable_desc" usage="bound" of-type="TwoOptions" required="true" hidden="true" /><resources><library name="FRECommon" version="&gt;=1" order="2"><packaged_library path="libs/frecommon-lib.js" version="1.0.0" /></library><code order="2" path="ExportToExcelOnline.js" /><resx path="locale/ExportToExcelOnline.1033.resx" version="1.0.1" /></resources></control></manifest>